ProjID,SiteID,Type,FAvialNum,Date,IceCoverCat,Transect,Depth.m,genusSpecies,Genus,species,Replicate,Tissue,VialAmount,DissectedBy,LinkedTo,Comments,EnteredBy,phylum,class,order,family,genus,DESCRIPTION,,LAT_DEG,LAT_MIN,LON_DEG,LON_MIN,LAT_DD,LON_DD,DATE,sampleNum,,SI-ID,genusSpecies,new site name,Latitude (dec),Longitude (dec),Ice cover (NIC-Midpoint-Annual),CN ratio,d15N ,d13C ,REVISED NAME
15F1491,15,FALSE,1491,2019.05.18,0.7,T3,5m,Adenocystis utricularis,Adenocystis,utricularis,1,thallus,0.5ml,Galloway,NA,NA,NA,Ochrophyta,Phaeophyceae,Ectocarpales,Adenocystaceae,Adenocystis,Argentine Islands near Vernadsky,,65,14.411,64,13.852,-65.24018333,-64.23086667,5/18/2019,1491,,n/a,n/a,,,,,,,,
XXF0832,XX,FALSE,832,2019.05.09,0.5,NA,5-15m,Ascoseira mirabilis,Ascoseira,mirabilis,1,blade,~1ml,Lowe,NA,From Lemeire Channel. 3 reps taken from different parts of the same individual.,NA,Ochrophyta,Phaeophyceae,Ascoseirales,Ascoseiraceae,Ascoseira,NA,,NA,NA,NA,NA,NA,NA,NA,832,,n/a,n/a,,,,,,,,
XXF0833,XX,FALSE,833,2019.05.09,0.5,NA,5-15m,Ascoseira mirabilis,Ascoseira,mirabilis,2,blade,~1ml,Lowe,NA,From Lemeire Channel. 3 reps taken from different parts of the same individual.,NA,Ochrophyta,Phaeophyceae,Ascoseirales,Ascoseiraceae,Ascoseira,NA,,NA,NA,NA,NA,NA,NA,NA,833,,n/a,n/a,,,,,,,,
XXF0834,XX,FALSE,834,2019.05.09,0.5,NA,5-15m,Ascoseira mirabilis,Ascoseira,mirabilis,3,blade,~1ml,Lowe,NA,From Lemeire Channel. 3 reps taken from different parts of the same individual.,NA,Ochrophyta,Phaeophyceae,Ascoseirales,Ascoseiraceae,Ascoseira,NA,,NA,NA,NA,NA,NA,NA,NA,834,,n/a,n/a,,,,,,,,
14F1383,14,FALSE,1383,2019.05.17,0.5,T2,25m,Austropugetia crassa,Astropugettia,crassa,1,blade,1ml,Galloway,NA,NA,NA,Rhodophyta,NA,NA,NA,NA,SE Bonaparte,,64,46.756,64,2.645,-64.77926667,-64.04408333,5/17/2019,1383,,n/a,n/a,,,,,,,,
14F1382,14,FALSE,1382,2019.05.17,0.5,T3,20m,Austropugetia crassa,Astropugettia,crassa,2,thallus,1ml,Galloway,NA,NA,NA,Rhodophyta,NA,NA,NA,NA,SE Bonaparte,,64,46.756,64,2.645,-64.77926667,-64.04408333,5/17/2019,1382,,n/a,n/a,,,,,,,,
12F1116,12,FALSE,1116,2019.05.15,0.4,T1,10m,Ballia callitricha,Ballia,callitricha,1,thallus,~0.5ml,Galloway,12S045,bryozoan epibionts,NA,Rhodophyta,Florideophyceae,Balliales,Balliaceae,Ballia,Joubin Islands,,64,46.317,64,22.191,-64.77195,-64.36985,5/15/2019,1116,,12-S-045,Ballia callitricha,A,-64.77195,-64.36985,37.26531,9.360944965,2.326,-33.233,
08F0575,8,FALSE,575,2019.05.05,0.8,Algae collection,5-10m,Benthic diatoms,Diatom,benthic,1,fuzzball,0.25ml,Galloway,see comments,"SI on different material, associated with 08S008-10",NA,Ochrophyta,NA,NA,NA,NA,Small island to the norht of Lahille Island and south of Lippmann Island,,65,30.787,64,25.216,-65.51311667,-64.42026667,5/5/2019,575,,08-S-008,Benthic diatoms,G,-65.513117,-64.420267,73.95918,6.486862887,0.819,-22.972,
08F0575,8,FALSE,575,2019.05.05,0.8,Algae collection,5-10m,Benthic diatoms,Diatom,benthic,1,fuzzball,0.25ml,Galloway,see comments,"SI on different material, associated with 08S008-10",NA,Ochrophyta,NA,NA,NA,NA,Small island to the norht of Lahille Island and south of Lippmann Island,,65,30.787,64,25.216,-65.51311667,-64.42026667,5/5/2019,575,,08-S-009,Benthic diatoms,G,-65.513117,-64.420267,73.95918,6.315669236,-0.168,-22.648,
09F0816,9,FALSE,816,2019.05.08,0.6,NA,5-20m,Benthic diatoms,Benthic,diatoms,1,bulk,1ml,Lowe,NA,NA,NA,Ochrophyta,NA,NA,NA,NA,Pleneau Island (just off penguin colony on SE corner),,65,6.255,64,2.823,-65.10425,-64.04705,5/7/2019,816,,09-S-076,Benthic diatoms,E,-65.10425,-64.04705,53.5102,7.108572214,3.14,-22.473,
13F1227,13,FALSE,1227,2019.05.16,0.8,T1,20m,Benthic diatoms,Benthic Diatoms,sp.,1,whole clumps,~0.25ml,Galloway,see comments,"associated with: 13S005, 13S006",NA,Ochrophyta,NA,NA,NA,NA,Minnow Islands (part of Fish Islands South of Prospect Point),,66,1.503,65,21.2,-66.02505,-65.35333333,5/16/2019,1227,,13-S-005,Benthic diatoms,I,-66.02505,-65.353333,76.77551,5.058115019,-0.151,-21.991,
,,,,,,,,,,,,,,,,,,,,,,,,,,,,,,,,,,08-S-010,Benthic diatoms,G,-65.513117,-64.420267,73.95918,5.357302752,3.723,-20.611,
,,,,,,,,,,,,,,,,,,,,,,,,,,,,,,,,,,09-S-077,Benthic diatoms,E,-65.10425,-64.04705,53.5102,7.005264656,2.349,-20.732,
,,,,,,,,,,,,,,,,,,,,,,,,,,,,,,,,,,09-S-078,Benthic diatoms,E,-65.10425,-64.04705,53.5102,7.656251128,1.394,-20.878,
,,,,,,,,,,,,,,,,,,,,,,,,,,,,,,,,,,13-S-006,Benthic diatoms,I,-66.02505,-65.353333,76.77551,7.158204297,-0.051,-23.24,
14F1346,14,FALSE,1346,2019.05.17,0.5,T2,30m,Callophyllis atrosanguinea,Callophyllis,atrosanguinea,1,thallus,0.5ml,Galloway,NA,NA,NA,Rhodophyta,Florideophyceae,Gigartinales,Kallymeniaceae,Callophyllis,SE Bonaparte,,64,46.756,64,2.645,-64.77926667,-64.04408333,5/17/2019,1346,,14-S-092,Phyllophora antarctica,B,-64.77926667,-64.04408333,41.06122,6.479812376,1.571,-37.898,Phyllophora antarctica
14F1385,14,FALSE,1385,2019.05.17,0.5,T3,20m,Callophyllis atrosanguinea,Callophyllis,atrosanguinea,3,thallus,1ml,Galloway,14S092,NA,NA,Rhodophyta,Florideophyceae,Gigartinales,Kallymeniaceae,Callophyllis,SE Bonaparte,,64,46.756,64,2.645,-64.77926667,-64.04408333,5/17/2019,1385,,14-S-099,Phyllophora antarctica,B,-64.77926667,-64.04408333,41.06122,7.48486563,2.548,-35.316,Phyllophora antarctica
14F1394,14,FALSE,1394,2019.05.17,0.5,Bulk collections,5-35m,Callophyllis atrosanguinea,Callophyllis,atrosanguinea,4,blade,1ml,Galloway,14S099,NA,NA,Rhodophyta,Florideophyceae,Gigartinales,Kallymeniaceae,Callophyllis,SE Bonaparte,,64,46.756,64,2.645,-64.77926667,-64.04408333,5/17/2019,1394,,14-S-101,Phyllophora antarctica,B,-64.77926667,-64.04408333,41.06122,6.758745001,1.79,-35.185,Phyllophora antarctica
12F1200,12,FALSE,1200,2019.05.15,0.4,T3,5m,Curdiea racovitzae,Curdiea,racovitzae,1,blade,1ml,Galloway,NA,NA,NA,Rhodophyta,NA,NA,NA,NA,Joubin Islands,,64,46.317,64,22.191,-64.77195,-64.36985,5/15/2019,1200,,n/a,n/a,,,,,,,,
12F1201,12,FALSE,1201,2019.05.15,0.4,T3,5m,Curdiea racovitzae,Curdiea,racovitzae,2,blade,1ml,Galloway,NA,NA,NA,Rhodophyta,NA,NA,NA,NA,Joubin Islands,,64,46.317,64,22.191,-64.77195,-64.36985,5/15/2019,1201,,n/a,n/a,,,,,,,,
12F1101,12,FALSE,1101,2019.05.15,0.4,T1,25m,Cystoclonium obtusangulum,Cystoclonium,obtusangulum,1,thallus,1ml,Lowe,12S033,NA,NA,Rhodophyta,Florideophyceae,Gigartinales,Cystocloniaceae,Cystoclonium,Joubin Islands,,64,46.317,64,22.191,-64.77195,-64.36985,5/15/2019,1101,,12-S-033,Cystoclonium obtusangulum,A,-64.77195,-64.36985,37.26531,23.77853359,2.66,-27.391,Meridionella antarctica
12F1193,12,FALSE,1193,2019.05.15,0.4,T3,25m,Cystoclonium obtusangulum,Cystoclonium,obtusangulum,3,thallus,1ml,Galloway,NA,NA,NA,Rhodophyta,Florideophyceae,Gigartinales,Cystocloniaceae,Cystoclonium,Joubin Islands,,64,46.317,64,22.191,-64.77195,-64.36985,5/15/2019,1193,,,n/a,,,,,,,,Meridionella antarctica
12F1164,12,FALSE,1164,2019.05.15,0.4,T2,25m,Cystoclonium obtusangulum,Cytstoclonium,obtusangulum,2,thallus,1ml,Galloway,NA,NA,NA,Rhodophyta,Florideophyceae,Gigartinales,Cystocloniaceae,Cystoclonium,Joubin Islands,,64,46.317,64,22.191,-64.77195,-64.36985,5/15/2019,1164,,,n/a,,,,,,,,Meridionella antarctica
,,,,,,,,,,,,,,,,,,,,,,,,,,,,,,,,,,14-S-005,Cystoclonium obtusangulum,B,-64.77926667,-64.04408333,41.06122,7.77498898,0.279,-35.357,Meridionella antarctica
,,,,,,,,,,,,,,,,,,,,,,,,,,,,,,,,,,14-S-013,Cystoclonium obtusangulum,B,-64.77926667,-64.04408333,41.06122,7.537397939,1.669,-35.175,Meridionella antarctica
,,,,,,,,,,,,,,,,,,,,,,,,,,,,,,,,,,14-S-019,Cystoclonium obtusangulum,B,-64.77926667,-64.04408333,41.06122,6.790697252,0.967,-35.92,Meridionella antarctica
12F1097,12,FALSE,1097,2019.05.15,0.4,T1,30m,Cystosphaera jacquinotii,Cystosphaera,jacquinotii,1,blade,~0.8ml,Lowe,nd,NA,NA,Ochrophyta,Phaeophyceae,Fucales,Seirococcaceae,Cystosphaera,Joubin Islands,,64,46.317,64,22.191,-64.77195,-64.36985,5/15/2019,1097,,12-S-076,Cystosphaera jacquinotii,A,-64.77195,-64.36985,37.26531,20.99471491,1.68,-28.246,
14F1349,14,FALSE,1349,2019.05.17,0.5,T2,25m,Cystosphaera jacquinotii,Cystosphaera,jacquinotii,2,blade,1ml,Galloway,NA,NA,NA,Ochrophyta,Phaeophyceae,Fucales,Seirococcaceae,Cystosphaera,SE Bonaparte,,64,46.756,64,2.645,-64.77926667,-64.04408333,5/17/2019,1349,,14-S-067,Cystosphaera jacquinotii,B,-64.77926667,-64.04408333,41.06122,20.97229763,0.561,-29.269,
14F1347,14,FALSE,1347,2019.05.17,0.5,T2,30m,Cystosphaera jacquinotii,Cystosphaera,jacquinotii,1,blade,1ml,Galloway,14S067,NA,NA,Ochrophyta,Phaeophyceae,Fucales,Seirococcaceae,Cystosphaera,SE Bonaparte,,64,46.756,64,2.645,-64.77926667,-64.04408333,5/17/2019,1347,,14-S-068,Cystosphaera jacquinotii,B,-64.77926667,-64.04408333,41.06122,22.81787162,1.846,-26.827,
14F1354,14,FALSE,1354,2019.05.17,0.5,T2,20m,Cystosphaera jacquinotii,Cystosphaera,jacquinotii,3,blade,1ml,Galloway,14S074,NA,NA,Ochrophyta,Phaeophyceae,Fucales,Seirococcaceae,Cystosphaera,SE Bonaparte,,64,46.756,64,2.645,-64.77926667,-64.04408333,5/17/2019,1354,,14-S-074,Cystosphaera jacquinotii,B,-64.77926667,-64.04408333,41.06122,23.81511915,0.932,-28.777,
15F1405,15,FALSE,1405,2019.05.18,0.7,T1,15m,Delisea pulchra,Delisea,pulchra,1,thallus,0.5ml,Galloway,15S017,NA,NA,Rhodophyta,Florideophyceae,Bonnemaisoniales,Bonnemaisoniaceae,Delisea,Argentine Islands near Vernadsky,,65,14.411,64,13.852,-65.24018333,-64.23086667,5/18/2019,1405,,15-S-017,Delisea pulchra,F,-65.240183,-64.230867,62.85714,7.456400689,2.203,-34.887,
07F0545,7,FALSE,545,2019.05.04,0.6,T2,NA,Desmarestia anceps,Desmarestia,anceps,2,partial thallus,1ml,Galloway,07S073,NA,NA,Ochrophyta,Phaeophyceae,Desmarestiales,Desmarestiaceae,Desmarestia,Southern Saffery Islands,,66,5.365,65,50.313,-66.08941667,-65.83855,5/4/2019,545,,07-S-073,Desmarestia anceps,J,-66.089417,-65.83855,58.36735,13.91171306,1.647,-32.395,eliminate b/c uncertain ID
08F0624,8,FALSE,624,2019.05.05,0.8,T1,15m,Desmarestia anceps,Desmarestia,anceps,1,thallus,1ml,Galloway,08S036,NA,NA,Ochrophyta,Phaeophyceae,Desmarestiales,Desmarestiaceae,Desmarestia,Small island to the norht of Lahille Island and south of Lippmann Island,,65,30.787,64,25.216,-65.51311667,-64.42026667,5/5/2019,624,,08-S-036,Desmarestia anceps,G,-65.513117,-64.420267,73.95918,12.68468762,5.96,-29.585,Desmarestia anceps
08F0688,8,FALSE,688,2019.05.05,0.8,amphipod bag,5-30m,Desmarestia anceps,Desmarestia,anceps,2,thallus,1ml,Galloway,08S080,NA,NA,Ochrophyta,Phaeophyceae,Desmarestiales,Desmarestiaceae,Desmarestia,Small island to the norht of Lahille Island and south of Lippmann Island,,65,30.787,64,25.216,-65.51311667,-64.42026667,5/5/2019,688,,08-S-080,Desmarestia anceps,G,-65.513117,-64.420267,73.95918,15.64272226,5.735,-29.825,Desmarestia menziesii
08F0689,8,FALSE,689,2019.05.05,0.8,amphipod bag,5-30m,Desmarestia anceps,Desmarestia,anceps,3,thallus,1ml,Galloway,08S086,NA,NA,Ochrophyta,Phaeophyceae,Desmarestiales,Desmarestiaceae,Desmarestia,Small island to the norht of Lahille Island and south of Lippmann Island,,65,30.787,64,25.216,-65.51311667,-64.42026667,5/5/2019,689,,08-S-086,Desmarestia anceps,G,-65.513117,-64.420267,73.95918,12.03489189,6.363,-28.708,Desmarestia menziesii
09F0728,9,FALSE,728,2019.05.07,0.6,T1,10m,Desmarestia anceps,Desmarestia,anceps,1,thallus,0.5ml,Galloway,09S024,NA,NA,Ochrophyta,Phaeophyceae,Desmarestiales,Desmarestiaceae,Desmarestia,Pleneau Island (just off penguin colony on SE corner),,65,6.255,64,2.823,-65.10425,-64.04705,5/7/2019,728,,09-S-024,Desmarestia anceps,E,-65.10425,-64.04705,53.5102,14.62460238,5.382,-23.764,Desmarestia menziesii
12F1092,12,FALSE,1092,2019.05.15,0.4,T1,30m,Desmarestia anceps,Desmarestia,anceps,1,thallus,1ml,Lowe,12S020,NA,NA,Ochrophyta,Phaeophyceae,Desmarestiales,Desmarestiaceae,Desmarestia,Joubin Islands,,64,46.317,64,22.191,-64.77195,-64.36985,5/15/2019,1092,,12-S-020,Desmarestia anceps,A,-64.77195,-64.36985,37.26531,12.08164597,0.495,-31.643,
12F1144,12,FALSE,1144,2019.05.15,0.4,nd,5m,Desmarestia anceps,Desmarestia,anceps,3,thallus,1ml,Galloway,12S062,NA,NA,Ochrophyta,Phaeophyceae,Desmarestiales,Desmarestiaceae,Desmarestia,Joubin Islands,,64,46.317,64,22.191,-64.77195,-64.36985,5/15/2019,1144,,12-S-062,Desmarestia anceps,A,-64.77195,-64.36985,37.26531,11.55051689,1.704,-27.104,Desmarestia menziesii
14F1390,14,FALSE,1390,2019.05.17,0.5,T3,10m,Desmarestia anceps,Desmarestia,anceps,5,thallus,1ml,Galloway,NA,NA,NA,Ochrophyta,Phaeophyceae,Desmarestiales,Desmarestiaceae,Desmarestia,SE Bonaparte,,64,46.756,64,2.645,-64.77926667,-64.04408333,5/17/2019,1390,,14-S-040,Desmarestia anceps,B,-64.77926667,-64.04408333,41.06122,12.62320357,1.357,-33.389,
07F0570,7,FALSE,570,2019.05.04,0.6,Bulk collection,5-10m,Desmarestia antarctica,Desmarestia,antarctica,1,thallus,1ml,Galloway,07S084,NA,NA,Ochrophyta,Phaeophyceae,Desmarestiales,Desmarestiaceae,Desmarestia,Southern Saffery Islands,,66,5.365,65,50.313,-66.08941667,-65.83855,5/4/2019,570,,07-S-084,Desmarestia antarctica,J,-66.089417,-65.83855,58.36735,13.23244912,3.583,-23.907,
07F0571,7,FALSE,571,2019.05.04,0.6,Bulk collection,5-10m,Desmarestia antarctica,Desmarestia,antarctica,2,thallus,1ml,Galloway,07S085,NA,NA,Ochrophyta,Phaeophyceae,Desmarestiales,Desmarestiaceae,Desmarestia,Southern Saffery Islands,,66,5.365,65,50.313,-66.08941667,-65.83855,5/4/2019,571,,07-S-085,Desmarestia antarctica,J,-66.089417,-65.83855,58.36735,11.15599715,2.752,-27.122,
07F0574,7,FALSE,574,2019.05.04,0.6,Bulk collection,5-10m,Desmarestia antarctica,Desmarestia,antarctica,5,thallus,1ml,Galloway,NA,NA,NA,Ochrophyta,Phaeophyceae,Desmarestiales,Desmarestiaceae,Desmarestia,Southern Saffery Islands,,66,5.365,65,50.313,-66.08941667,-65.83855,5/4/2019,574,,07-S-086,Desmarestia antarctica,J,-66.089417,-65.83855,58.36735,11.45752829,3.089,-26.63,
11F1052,11,FALSE,1052,2019.05.14,0.4,T3,5m,Desmarestia antarctica,Desmarestia,antarctica,1,blade,1ml,Galloway,11S072,NA,NA,Ochrophyta,Phaeophyceae,Desmarestiales,Desmarestiaceae,Desmarestia,Limitrophe Island,,64,47.592,64,0.434,-64.7932,-64.00723333,5/14/2019,1052,,11-S-072,Desmarestia antarctica,C,-64.7932,-64.007233,41.10204,12.89963263,2.166,-25.802,
12F1199,12,FALSE,1199,2019.05.15,0.4,T3,5m,Desmarestia antarctica,Desmarestia,antarctica,4,thallus,1ml,Galloway,NA,NA,NA,Ochrophyta,Phaeophyceae,Desmarestiales,Desmarestiaceae,Desmarestia,Joubin Islands,,64,46.317,64,22.191,-64.77195,-64.36985,5/15/2019,1199,,12-S-088,Desmarestia antarctica,A,-64.77195,-64.36985,37.26531,12.99381992,2.486,-25.123,
12F1198,12,FALSE,1198,2019.05.15,0.4,T3,5m,Desmarestia antarctica,Desmarestia,antarctica,3,thallus,1ml,Galloway,NA,NA,NA,Ochrophyta,Phaeophyceae,Desmarestiales,Desmarestiaceae,Desmarestia,Joubin Islands,,64,46.317,64,22.191,-64.77195,-64.36985,5/15/2019,1198,,n/a,n/a,,,,,,,,
12F1175,12,FALSE,1175,2019.05.15,0.4,T2,10m,Desmarestia antarctica,Desmarestia,antarctica,1,thallus,1ml,Galloway,NA,NA,NA,Ochrophyta,Phaeophyceae,Desmarestiales,Desmarestiaceae,Desmarestia,Joubin Islands,,64,46.317,64,22.191,-64.77195,-64.36985,5/15/2019,1175,,n/a,n/a,,,,,,,,
03F0154,3,FALSE,154,2019.04.28,0.8,1,5-30m,Desmarestia menziesii,Desmerestia,menziesii,1,thallus,1.5ml,Lowe?,03-S-017,NA,NA,Ochrophyta,Phaeophyceae,Desmarestiales,Desmarestiaceae,Desmarestia,Randall Rocks off Millerand Island,,68,10.546,67,16.094,-68.17576667,-67.26823333,4/28/2019,154,,13-S-017,Desmarestia menziesii,I,-66.02505,-65.353333,76.77551,15.2594447,3.907,-27.121,
08F0678,8,FALSE,678,2019.05.05,0.8,Bulk collection,5-30m,Desmarestia menziesii,Desmarestia,menziesii,1,thallus parts,1ml,Galloway,08S063,NA,NA,Ochrophyta,Phaeophyceae,Desmarestiales,Desmarestiaceae,Desmarestia,Small island to the norht of Lahille Island and south of Lippmann Island,,65,30.787,64,25.216,-65.51311667,-64.42026667,5/5/2019,678,,08-S-063,Desmarestia menziesii,G,-65.513117,-64.420267,73.95918,15.85585953,5.899,-28.82,
12F1161,12,FALSE,1161,2019.05.15,0.4,nd,5m,Desmarestia menziesii,Desmarestia,menziesii,1,thallus,1ml,Galloway,12S058,NA,NA,Ochrophyta,Phaeophyceae,Desmarestiales,Desmarestiaceae,Desmarestia,Joubin Islands,,64,46.317,64,22.191,-64.77195,-64.36985,5/15/2019,1161,,12-S-058,Desmarestia menziesii,A,-64.77195,-64.36985,37.26531,15.92699894,4.459,-28.022,
12F1079,12,FALSE,1079,2019.05.15,0.4,T1,30-35m,Georgiella confluens,Georgiella,confluens,1,thallus,1ml,Galloway,NA,NA,NA,Rhodophyta,Florideophyceae,Ceramiales,Callithamniaceae,Georgiella,Joubin Islands,,64,46.317,64,22.191,-64.77195,-64.36985,5/15/2019,1079,,n/a,n/a,,,,,,,,
12F1098,12,FALSE,1098,2019.05.15,0.4,T1,30m,Georgiella confluens,Georgiella,confluens,2,thallus,~1ml,Lowe,nd,little black specks,NA,Rhodophyta,Florideophyceae,Ceramiales,Callithamniaceae,Georgiella,Joubin Islands,,64,46.317,64,22.191,-64.77195,-64.36985,5/15/2019,1098,,12-S-026,Georgiella confluens,A,-64.77195,-64.36985,37.26531,8.392187592,2.548,-35.599,
,,,,,,,,,,,,,,,,,,,,,,,,,,,,,,,,,,14-S-007,Georgiella confluens,B,-64.77926667,-64.04408333,41.06122,7.273251669,1.887,-36.551,
12F1206,12,FALSE,1206,2019.05.15,0.4,Bulk,5-35m,Gymnogongrus antarcticus,Gymnogongrus,antarcticus,1,thallus,1ml,Galloway,NA,NA,NA,Rhodophyta,Florideophyceae,Gigartinales,Phyllophoraceae,Gymnogongrus,Joubin Islands,,64,46.317,64,22.191,-64.77195,-64.36985,5/15/2019,1206,,n/a,n/a,,,,,,,,
14F1388,14,FALSE,1388,2019.05.17,0.5,T3,15m,Gymnogongrus antarcticus,Gymnogongrus,antarcticus,1,thallus parts,1ml,Galloway,14S094,NA,NA,Rhodophyta,Florideophyceae,Gigartinales,Phyllophoraceae,Gymnogongrus,SE Bonaparte,,64,46.756,64,2.645,-64.77926667,-64.04408333,5/17/2019,1388,,14-S-094,Gymnogongrus antarcticus,B,-64.77926667,-64.04408333,41.06122,6.927953448,2.294,-35.318,
09F0705,9,FALSE,705,2019.05.07,0.6,T1,5-35m,Himantothallus grandifolius,Himantothallus,grandifolius,1,blade,1ml,Galloway,09S004,NA,NA,Ochrophyta,Phaeophyceae,Desmarestiales,Desmarestiaceae,Himantothallus,Pleneau Island (just off penguin colony on SE corner),,65,6.255,64,2.823,-65.10425,-64.04705,5/7/2019,705,,09-S-004,Himantothallus grandifolius,E,-65.10425,-64.04705,53.5102,20.29685821,1.772,-22.845,
10F0836,10,FALSE,836,2019.05.10,0.4,T1,>=30m,Himantothallus grandifolius,Himantothallus,grandifolius,2,blade,1ml,Galloway,10S009,NA,NA,Ochrophyta,Phaeophyceae,Desmarestiales,Desmarestiaceae,Himantothallus,Wauwermans Islands,,64,54.01,63,51.188,-64.90016667,-63.85313333,5/10/2019,836,,10-S-009,Himantothallus grandifolius,D,-64.900167,-63.853133,36.12245,18.71684006,2.48,-22.956,
11F0984,11,FALSE,984,2019.05.14,0.4,T1,25m,Himantothallus grandifolius,Himantothallus,grandifolius,2,blade,1ml,Galloway,11S035,NA,NA,Ochrophyta,Phaeophyceae,Desmarestiales,Desmarestiaceae,Himantothallus,Limitrophe Island,,64,47.592,64,0.434,-64.7932,-64.00723333,5/14/2019,984,,11-S-035,Himantothallus grandifolius,C,-64.7932,-64.007233,41.10204,17.28864178,2.738,-22.752,
05F0291,5,FALSE,291,2019.04.30,0.6,NA,5-30m,Hymenocladiopsis sp.,Hymenocladiopsis,sp.,1,thallus,1ml,Galloway?,see comments,"different individuals: 05S010, 05S011, 05S012",NA,Rhodophyta,NA,NA,NA,NA,Small island off a small island to the north of Pinero Island,,67,32.929,67,46.282,-67.54881667,-67.77136667,4/30/2019,291,,05-S-010,Hymenocladiopsis sp.,L,-67.548813,-67.77137,57.87755,6.192113177,1.317,-34.303,
05F0294,5,FALSE,294,2019.04.30,0.6,NA,5-30m,Hymenocladiopsis sp.,Hymenocladiopsis,sp.,4,thallus,1ml,Galloway?,NA,NA,NA,Rhodophyta,NA,NA,NA,NA,Small island off a small island to the north of Pinero Island,,67,32.929,67,46.282,-67.54881667,-67.77136667,4/30/2019,294,,05-S-011,Hymenocladiopsis sp.,L,-67.548813,-67.77137,57.87755,6.346852819,1.898,-33.832,
05F0293,5,FALSE,293,2019.04.30,0.6,NA,5-30m,Hymenocladiopsis sp.,Hymenocladiopsis,sp.,3,thallus,1ml,Galloway?,see comments,"different individuals: 05S010, 05S011, 05S012",NA,Rhodophyta,NA,NA,NA,NA,Small island off a small island to the north of Pinero Island,,67,32.929,67,46.282,-67.54881667,-67.77136667,4/30/2019,293,,05-S-012,Hymenocladiopsis sp.,L,-67.548813,-67.77137,57.87755,6.58623991,-0.334,-33.493,
05F0292,5,FALSE,292,2019.04.30,0.6,NA,5-30m,Hymenocladiopsis sp.,Hymenocladiopsis,sp.,2,thallus,1ml,Galloway?,see comments,"different individuals: 05S010, 05S011, 05S012",NA,Rhodophyta,NA,NA,NA,NA,Small island off a small island to the north of Pinero Island,,67,32.929,67,46.282,-67.54881667,-67.77136667,4/30/2019,292,,n/a,n/a,,,,,,,,
08F0700,8,FALSE,700,2019.05.05,0.8,NA,5-35m,Hymenocladiopsis sp.,Hymenocladiopsis,sp.,4,thallus,0.5ml,Galloway,NA,NA,NA,Rhodophyta,NA,NA,NA,NA,Small island to the norht of Lahille Island and south of Lippmann Island,,65,30.787,64,25.216,-65.51311667,-64.42026667,5/5/2019,700,,08-S-011,Hymenocladiopsis sp.,G,-65.513117,-64.420267,73.95918,7.67039176,0.899,-34.791,
10F0854,10,FALSE,854,2019.05.10,0.4,T1,30m,Hymenocladiopsis sp.,Hymenocladiopsis,sp.,1,thallus,0.25ml,Galloway,10S008,NA,NA,Rhodophyta,NA,NA,NA,NA,Wauwermans Islands,,64,54.01,63,51.188,-64.90016667,-63.85313333,5/10/2019,854,,10-S-008,Hymenocladiopsis sp.,D,-64.900167,-63.853133,36.12245,5.924565279,3.345,-32.352,
14F1393,14,FALSE,1393,2019.05.17,0.5,Bulk collections,5-35m,Hymenocladiopsis sp.,Hymenocladiopsis,sp.,3,blade,1ml,Galloway,14S100,NA,NA,Rhodophyta,NA,NA,NA,NA,SE Bonaparte,,64,46.756,64,2.645,-64.77926667,-64.04408333,5/17/2019,1393,,14-S-014,Hymenocladiopsis sp.,B,-64.77926667,-64.04408333,41.06122,7.025984817,2.285,-32.585,
10F0875,10,FALSE,875,2019.05.10,0.4,NA,NA,Iridaea cordata,Iridaea,cordata,1,blade,1ml,Galloway,10S034,NA,NA,Rhodophyta,Florideophyceae,Gigartinales,Gigartinaceae,Iridaea,Wauwermans Islands,,64,54.01,63,51.188,-64.90016667,-63.85313333,5/10/2019,875,,10-S-034,Iridaea cordata,D,-64.900167,-63.853133,36.12245,11.15645264,4.019,-11.431,
11F1005,11,FALSE,1005,2019.05.14,0.4,T1,5m,Iridaea cordata,Iridaea,cordata,1,blade,0.5ml,Galloway,11S044,very reproductive,NA,Rhodophyta,Florideophyceae,Gigartinales,Gigartinaceae,Iridaea,Limitrophe Island,,64,47.592,64,0.434,-64.7932,-64.00723333,5/14/2019,1005,,11-S-044,Iridaea cordata,C,-64.7932,-64.007233,41.10204,14.26609392,4.417,-21.798,
14F1320,14,FALSE,1320,2019.05.17,0.5,T1,10m,Iridaea cordata,Iridaea,cordata,1,blade,1ml,Galloway,14S049,NA,NA,Rhodophyta,Florideophyceae,Gigartinales,Gigartinaceae,Iridaea,SE Bonaparte,,64,46.756,64,2.645,-64.77926667,-64.04408333,5/17/2019,1320,,14-S-049,Iridaea cordata,B,-64.77926667,-64.04408333,41.06122,13.4045487,2.923,-22.207,
14F1207,14,FALSE,1207,2019.05.17,0.5,T1,25m,Lambia antarctica,Lambia,antarctica,1,thallus,0.5ml,Galloway,14S008,NA,NA,Chlorophyta,Ulvophyceae,Bryopsidales,Bryopsidaceae,Lambia,SE Bonaparte,,64,46.756,64,2.645,-64.77926667,-64.04408333,5/17/2019,1207,,14-S-008,Lambia antarctica,B,-64.77926667,-64.04408333,41.06122,18.23005704,2.123,-30.373,
14F1208,14,FALSE,1208,2019.05.17,0.5,T1,30m,Lambia antarctica,Lambia,antarctica,2,thallus,0.5ml,Galloway,14S010,NA,NA,Chlorophyta,Ulvophyceae,Bryopsidales,Bryopsidaceae,Lambia,SE Bonaparte,,64,46.756,64,2.645,-64.77926667,-64.04408333,5/17/2019,1208,,14-S-010,Lambia antarctica,B,-64.77926667,-64.04408333,41.06122,9.631610174,2.657,-32.593,
14F1343,14,FALSE,1343,2019.05.17,0.5,T2,35m,Lambia antarctica,Lambia,antarctica,4,thallus,0.5ml,Galloway,NA,NA,NA,Chlorophyta,Ulvophyceae,Bryopsidales,Bryopsidaceae,Lambia,SE Bonaparte,,64,46.756,64,2.645,-64.77926667,-64.04408333,5/17/2019,1343,,n/a,n/a,,,,,,,,
14F1209,14,FALSE,1209,2019.05.17,0.5,T1,35m,Lambia antarctica,Lambia,antarctica,3,thallus,0.5ml,Galloway,14S011,NA,NA,Chlorophyta,Ulvophyceae,Bryopsidales,Bryopsidaceae,Lambia,SE Bonaparte,,64,46.756,64,2.645,-64.77926667,-64.04408333,5/17/2019,1209,,14-S-011,Lambia antarctica,B,-64.77926667,-64.04408333,41.06122,6.417485519,1.695,-30.104,
09F0777,9,FALSE,777,2019.05.07,0.6,T2,5-30m,Myriogramme manginii,Myriogramme,mangini,1,blade,1ml,Galloway,09S053,NA,NA,Rhodophyta,Florideophyceae,Ceramiales,Delesseriaceae,Myriogramme,Pleneau Island (just off penguin colony on SE corner),,65,6.255,64,2.823,-65.10425,-64.04705,5/7/2019,777,,09-S-053,Myriogramme mangini,E,-65.10425,-64.04705,53.5102,7.662543506,3.704,-33.101,Myriogramme mangini
11F1031,11,FALSE,1031,2019.05.14,0.4,nd,nd,Myriogramme manginii,Myriogramme,laingioides,1,blade,1ml,Galloway,11S054,NA,NA,Rhodophyta,NA,NA,NA,NA,Limitrophe Island,,64,47.592,64,0.434,-64.7932,-64.00723333,5/14/2019,1031,,11-S-054,Myriogramme mangini,C,-64.7932,-64.007233,41.10204,6.726674341,3.667,-34.411,Myriogramme mangini
11F1042,11,FALSE,1042,2019.05.14,0.4,T3,25m,Myriogramme manginii,Myriogramme,laingioides,2,blade,1ml,Galloway,see comments,"associated with: 11S052, 11S053.",NA,Rhodophyta,NA,NA,NA,NA,Limitrophe Island,,64,47.592,64,0.434,-64.7932,-64.00723333,5/14/2019,1042,,11-S-071,Myriogramme mangini,C,-64.7932,-64.007233,41.10204,8.560058843,2.829,-33.768,Myriogramme mangini
11F1043,11,FALSE,1043,2019.05.14,0.4,T3,25m,Myriogramme manginii,Myriogramme,laingioides,3,blade,1ml,Galloway,see comments,"associated with: 11S052, 11S053.",NA,Rhodophyta,NA,NA,NA,NA,Limitrophe Island,,64,47.592,64,0.434,-64.7932,-64.00723333,5/14/2019,1043,,11-S-076,Myriogramme mangini,C,-64.7932,-64.007233,41.10204,8.158786118,2.974,-34.841,Myriogramme mangini
11F1048,11,FALSE,1048,2019.05.14,0.4,T3,15m,Myriogramme manginii,Myriogramme,laingioides,4,blade,1ml,Galloway,NA,NA,NA,Rhodophyta,NA,NA,NA,NA,Limitrophe Island,,64,47.592,64,0.434,-64.7932,-64.00723333,5/14/2019,1048,,n/a,n/a,,,,,,,,
11F0983,11,FALSE,983,2019.05.14,0.4,T1,15m,Myriogramme manginii,Myriogramme,mangini,1,blade,1ml,Galloway,11S033,NA,NA,Rhodophyta,Florideophyceae,Ceramiales,Delesseriaceae,Myriogramme,Limitrophe Island,,64,47.592,64,0.434,-64.7932,-64.00723333,5/14/2019,983,,11-S-033,Myriogramme mangini,C,-64.7932,-64.007233,41.10204,7.419728379,2.777,-34.757,
14F1218,14,FALSE,1218,2019.05.17,0.5,T1,25m,Myriogramme manginii,Myriogramme,manginii,1,blade,1ml,Galloway,14S015,NA,NA,Rhodophyta,Florideophyceae,Ceramiales,Delesseriaceae,Myriogramme,SE Bonaparte,,64,46.756,64,2.645,-64.77926667,-64.04408333,5/17/2019,1218,,14-S-015,Myriogramme mangini,B,-64.77926667,-64.04408333,41.06122,7.107752793,2.56,-35.241,
12F1170,12,FALSE,1170,2019.05.15,0.4,T2,15m,Myriogramme smithii,Myriogramme,smithii,1,thallus,<0.5ml,Galloway,12S083,NA,NA,Rhodophyta,Florideophyceae,Ceramiales,Delesseriaceae,Myriogramme,Joubin Islands,,64,46.317,64,22.191,-64.77195,-64.36985,5/15/2019,1170,,12-S-083,Myriogramme smithii,A,-64.77195,-64.36985,37.26531,4.114804537,5.42,-37.609,
12F1194,12,FALSE,1194,2019.05.15,0.4,T3,25m,Myriogramme smithii,Myriogramme,smithii,2,thallus,1ml,Galloway,NA,NA,NA,Rhodophyta,Florideophyceae,Ceramiales,Delesseriaceae,Myriogramme,Joubin Islands,,64,46.317,64,22.191,-64.77195,-64.36985,5/15/2019,1194,,n/a,,,,,,,,,
12F1195,12,FALSE,1195,2019.05.15,0.4,T3,20m,Myriogramme smithii,Myriogramme,smithii,3,thallus,1ml,Galloway,NA,NA,NA,Rhodophyta,Florideophyceae,Ceramiales,Delesseriaceae,Myriogramme,Joubin Islands,,64,46.317,64,22.191,-64.77195,-64.36985,5/15/2019,1195,,n/a,,,,,,,,,
14F1291,14,FALSE,1291,2019.05.17,0.5,T1,20m,Myriogramme smithii,Myriogramme,smithii,1,blade,1ml,Galloway,14S026,NA,NA,Rhodophyta,Florideophyceae,Ceramiales,Delesseriaceae,Myriogramme,SE Bonaparte,,64,46.756,64,2.645,-64.77926667,-64.04408333,5/17/2019,1291,,14-S-026,Myriogramme smithii,B,-64.77926667,-64.04408333,41.06122,5.675520568,3.818,-37.244,
,,,,,,,,,,,,,,,,,,,,,,,,,,,,,,,,,,14-S-075,Myriogramme smithii,B,-64.77926667,-64.04408333,41.06122,6.018255435,4.225,-36.976,
14F1318,14,FALSE,1318,2019.05.17,0.5,T1,10m,Pachymenia orbicularis,Pachymenia,orbicularis,1,blade,1ml,Galloway,14S046,NA,NA,Rhodophyta,Florideophyceae,Halymeniales,Halymeniaceae,Pachymenia,SE Bonaparte,,64,46.756,64,2.645,-64.77926667,-64.04408333,5/17/2019,1318,,14-S-046,Pachymenia orbicularis,B,-64.77926667,-64.04408333,41.06122,10.61467592,2.247,-33.035,
14F1387,14,FALSE,1387,2019.05.17,0.5,T3,15m,Pachymenia orbicularis,Pachymenia,orbicularis,2,blade,1ml,Galloway,14S093,NA,NA,Rhodophyta,Florideophyceae,Halymeniales,Halymeniaceae,Pachymenia,SE Bonaparte,,64,46.756,64,2.645,-64.77926667,-64.04408333,5/17/2019,1387,,14-S-093,Pachymenia orbicularis,B,-64.77926667,-64.04408333,41.06122,9.053093921,2.497,-35.272,
,,,,,,,,,,,,,,,,,,,,,,,,,,,,,,,,,,15-S-050,Pachymenia orbicularis,F,-65.240183,-64.230867,62.85714,8.501485924,4.733,-33.637,
12F1178,12,FALSE,1178,2019.05.15,0.4,T2,5m,Palmaria decipiens,Palmeria,decipiens,1,blade,1ml,Galloway,12S087,NA,NA,NA,NA,NA,NA,NA,Joubin Islands,,64,46.317,64,22.191,-64.77195,-64.36985,5/15/2019,1178,,12-S-087,Palmaria decipiens,A,-64.77195,-64.36985,37.26531,6.695619158,3.211,-24.29,
12F1179,12,FALSE,1179,2019.05.15,0.4,T2,5m,Palmaria decipiens,Palmeria,decipiens,2,blade,1ml,Galloway,12S089,NA,NA,NA,NA,NA,NA,NA,Joubin Islands,,64,46.317,64,22.191,-64.77195,-64.36985,5/15/2019,1179,,12-S-089,Palmaria decipiens,A,-64.77195,-64.36985,37.26531,8.610732314,2.956,-23.356,
12F1180,12,FALSE,1180,2019.05.15,0.4,T2,5m,Palmaria decipiens,Palmeria,decipiens,3,blade,1ml,Galloway,12S090,NA,NA,NA,NA,NA,NA,NA,Joubin Islands,,64,46.317,64,22.191,-64.77195,-64.36985,5/15/2019,1180,,12-S-090,Palmaria decipiens,A,-64.77195,-64.36985,37.26531,11.1127534,3.625,-23.446,
12F1081,12,FALSE,1081,2019.05.15,0.4,T1,30-35m,Pantoneura plocamioides,Pantoneura,plocamioides,1,thallus,1ml,Galloway,12S018,NA,NA,Rhodophyta,Florideophyceae,Ceramiales,Delesseriaceae,Pantoneura,Joubin Islands,,64,46.317,64,22.191,-64.77195,-64.36985,5/15/2019,1081,,12-S-018,Pantoneura plocamioides,A,-64.77195,-64.36985,37.26531,7.795020543,1.43,-37.226,
,,,,,,,,,,,,,,,,,,,,,,,,,,,,,,,,,,12-S-027,Pantoneura plocamioides,A,-64.77195,-64.36985,37.26531,8.468687834,2.173,-36.414,
,,,,,,,,,,,,,,,,,,,,,,,,,,,,,,,,,,12-S-074,Pantoneura plocamioides,A,-64.77195,-64.36985,37.26531,6.777901216,4.005,-27.529,
12F1185,12,FALSE,1185,2019.05.15,0.4,T3,35m,Paraglossum salicifolium,Paraglossum,salicifolium,1,thallus,<0.5ml,Galloway,NA,NA,NA,Rhodophyta,Florideophyceae,Ceramiales,Delesseriaceae,Paraglossum,Joubin Islands,,64,46.317,64,22.191,-64.77195,-64.36985,5/15/2019,1185,,n/a,n/a,,,,,,,,
03F0186,3,FALSE,186,2019.04.28,0.8,NA,5-30m,Phyllophora antarctica,Phyllophora,antarctica,2,thallus,1ml,Galloway?,03S037,NA,NA,Rhodophyta,Florideophyceae,Gigartinales,Phyllophoraceae,Phyllophora,Randall Rocks off Millerand Island,,68,10.546,67,16.094,-68.17576667,-67.26823333,4/28/2019,186,,03-S-037,Callophyllis atrosanguinea,M,-68.175766,-67.268234,68.61224,5.784438394,3.541,-21.633,Callophyllis atrosanguinea
08F0702,8,FALSE,702,2019.05.05,0.8,T3,5-35m,Phyllophora antarctica,Phyllophora,antarctica,2,thallus,1ml,Galloway,08S091,NA,NA,Rhodophyta,Florideophyceae,Gigartinales,Phyllophoraceae,Phyllophora,Small island to the norht of Lahille Island and south of Lippmann Island,,65,30.787,64,25.216,-65.51311667,-64.42026667,5/5/2019,702,,08-S-091,Phyllophora antarctica,G,-65.513117,-64.420267,73.95918,7.652867459,3.205,-36.433,
09F0709,9,FALSE,709,2019.05.07,0.6,T1,20m,Phyllophora antarctica,Phyllophora,antarctica,1,thallus,1ml,Galloway,09S011,NA,NA,Rhodophyta,Florideophyceae,Gigartinales,Phyllophoraceae,Phyllophora,Pleneau Island (just off penguin colony on SE corner),,65,6.255,64,2.823,-65.10425,-64.04705,5/7/2019,709,,09-S-011,Phyllophora antarctica,E,-65.10425,-64.04705,53.5102,6.97524855,2.725,-32.382,
11F1044,11,FALSE,1044,2019.05.14,0.4,T3,25m,Picconiella plumosa,Picconiella,plumosa,2,thallus,0.5ml,Galloway,NA,NA,NA,Rhodophyta,Florideophyceae,Ceramiales,Rhodomelaceae,Picconiella,Limitrophe Island,,64,47.592,64,0.434,-64.7932,-64.00723333,5/14/2019,1044,,11-S-077,Picconiella plumosa,C,-64.7932,-64.007233,41.10204,8.694527837,1.691,-35.473,
11F1059,11,FALSE,1059,2019.05.14,0.4,T3,5-15m,Picconiella plumosa,Picconiella,plumosa,3,thallus,1ml,Galloway,11S077,NA,NA,Rhodophyta,Florideophyceae,Ceramiales,Rhodomelaceae,Picconiella,Limitrophe Island,,64,47.592,64,0.434,-64.7932,-64.00723333,5/14/2019,1059,,11-S-078,Picconiella plumosa,C,-64.7932,-64.007233,41.10204,9.511035522,3.723,-34.062,
07F0515,7,FALSE,515,2019.05.04,0.6,NA,5-30m,Plocamium cartilagineum,Plocamium,cartilagineum,1,thallus,0.5ml,Galloway,07S055,NA,NA,Rhodophyta,Florideophyceae,Plocamiales,Plocamiaceae,Plocamium,Southern Saffery Islands,,66,5.365,65,50.313,-66.08941667,-65.83855,5/4/2019,515,,07-S-055,Plocamium sp.,J,-66.089417,-65.83855,58.36735,7.754416447,3.682,-33.287,Plocamium sp. 
09F0718,9,FALSE,718,2019.05.07,0.6,T1,15m,Plocamium cartilagineum,Plocamium,cartilagineum,1,thallus,1ml,Galloway,09S019,NA,NA,Rhodophyta,Florideophyceae,Plocamiales,Plocamiaceae,Plocamium,Pleneau Island (just off penguin colony on SE corner),,65,6.255,64,2.823,-65.10425,-64.04705,5/7/2019,718,,09-S-019,Plocamium sp.,E,-65.10425,-64.04705,53.5102,6.257625897,2.865,-32.571,Plocamium sp. 
14F1214,14,FALSE,1214,2019.05.17,0.5,T1,nd,Plocamium cartilagineum,Plocamium,cartilagineum,1,thallus,1ml,Galloway,14S004,NA,NA,Rhodophyta,Florideophyceae,Plocamiales,Plocamiaceae,Plocamium,SE Bonaparte,,64,46.756,64,2.645,-64.77926667,-64.04408333,5/17/2019,1214,,14-S-004,Plocamium sp.,B,-64.77926667,-64.04408333,41.06122,8.655166382,2.346,-34.759,Plocamium sp. 
15F1417,15,FALSE,1417,2019.05.18,0.7,T1,5m,Porphyra plocamiestris,Porphyra,plocamienstris,1,thallus,0.5ml,Galloway,15S020,NA,NA,NA,NA,NA,NA,NA,Argentine Islands near Vernadsky,,65,14.411,64,13.852,-65.24018333,-64.23086667,5/18/2019,1417,,15-S-020,Porphyra plocamiestris,F,-65.240183,-64.230867,62.85714,7.716834233,6.496,-30.366,
15F1421,15,FALSE,1421,2019.05.18,0.7,T1,5m,Porphyra plocamiestris,Porphyra,plocamienstris,5,thallus,0.5ml,Galloway,NA,NA,NA,NA,NA,NA,NA,NA,Argentine Islands near Vernadsky,,65,14.411,64,13.852,-65.24018333,-64.23086667,5/18/2019,1421,,15-S-021,Porphyra plocamiestris,F,-65.240183,-64.230867,62.85714,7.602715594,6.147,-29.382,
15F1420,15,FALSE,1420,2019.05.18,0.7,T1,5m,Porphyra plocamiestris,Porphyra,plocamienstris,4,thallus,0.5ml,Galloway,NA,NA,NA,NA,NA,NA,NA,NA,Argentine Islands near Vernadsky,,65,14.411,64,13.852,-65.24018333,-64.23086667,5/18/2019,1420,,15-S-022,Porphyra plocamiestris,F,-65.240183,-64.230867,62.85714,7.156445081,5.754,-28.706,
15F1418,15,FALSE,1418,2019.05.18,0.7,T1,5m,Porphyra plocamiestris,Porphyra,plocamienstris,2,thallus,0.5ml,Galloway,15S021,NA,NA,NA,NA,NA,NA,NA,Argentine Islands near Vernadsky,,65,14.411,64,13.852,-65.24018333,-64.23086667,5/18/2019,1418,,n/a,n/a,,,,,,,,
12F1080,12,FALSE,1080,2019.05.15,0.4,T1,30-35m,Sarcopeltis antarctica,Sarcopeltis,antarctica,1,blade,1ml,Galloway,12S019,NA,NA,Rhodophyta,Florideophyceae,Gigartinales,Gigartinaceae,Gigartina,Joubin Islands,,64,46.317,64,22.191,-64.77195,-64.36985,5/15/2019,1080,,12-S-019,Sarcopeltis antarctica,A,-64.77195,-64.36985,37.26531,14.26402902,3.027,-23.455,
12F1095,12,FALSE,1095,2019.05.15,0.4,T1,30m,Sarcopeltis antarctica,Sarcopeltis,antarctica,2,blade,1ml,Lowe,nd,NA,NA,Rhodophyta,Florideophyceae,Gigartinales,Gigartinaceae,Gigartina,Joubin Islands,,64,46.317,64,22.191,-64.77195,-64.36985,5/15/2019,1095,,12-S-023,Sarcopeltis antarctica,A,-64.77195,-64.36985,37.26531,13.08988978,1.967,-26.558,
12F1104,12,FALSE,1104,2019.05.15,0.4,T1,nd,Sarcopeltis antarctica,Sarcopeltis,antarctica,3,blade,1ml,Lowe,12S037,NA,NA,Rhodophyta,Florideophyceae,Gigartinales,Gigartinaceae,Gigartina,Joubin Islands,,64,46.317,64,22.191,-64.77195,-64.36985,5/15/2019,1104,,12-S-037,Sarcopeltis antarctica,A,-64.77195,-64.36985,37.26531,14.15155826,1.774,-26.392,
12F1159,12,FALSE,1159,2019.05.15,0.4,T1,5m,Sarcopeltis antarctica,Sarcopeltis,antarctica,4,blade,1ml,Galloway,NA,NA,NA,Rhodophyta,Florideophyceae,Gigartinales,Gigartinaceae,Gigartina,Joubin Islands,,64,46.317,64,22.191,-64.77195,-64.36985,5/15/2019,1159,,n/a,n/a,,,,,,,,
12F1169,12,FALSE,1169,2019.05.15,0.4,T2,15m,Sarcopeltis antarctica,Sarcopeltis,antarctica,5,blade,1ml,Galloway,NA,NA,NA,Rhodophyta,Florideophyceae,Gigartinales,Gigartinaceae,Gigartina,Joubin Islands,,64,46.317,64,22.191,-64.77195,-64.36985,5/15/2019,1169,,n/a,n/a,,,,,,,,
14F1293,14,FALSE,1293,2019.05.17,0.5,T1,20m,Sarcopeltis antarctica,Sarcopeltis,antarctica,1,blade,1ml,Galloway,14S028,NA,NA,Rhodophyta,Florideophyceae,Gigartinales,Gigartinaceae,Gigartina,SE Bonaparte,,64,46.756,64,2.645,-64.77926667,-64.04408333,5/17/2019,1293,,14-S-028,Sarcopeltis antarctica,B,-64.77926667,-64.04408333,41.06122,14.28284665,1.9,-27.242,
,,,,,,,,,,,,,,,,,,,,,,,,,,,,,,,,,,14-S-047,Sarcopeltis antarctica,B,-64.77926667,-64.04408333,41.06122,13.24801902,2.935,-23.257,
,,,,,,,,,,,,,,,,,,,,,,,,,,,,,,,,,,14-S-062,Sarcopeltis antarctica,B,-64.77926667,-64.04408333,41.06122,16.29891294,2.058,-24.392,
,,,,,,,,,,,,,,,,,,,,,,,,,,,,,,,,,,15-S-075,Sarcopeltis antarctica,F,-65.240183,-64.230867,62.85714,15.59648774,2.405,-22.975,
14F1357,14,FALSE,1357,2019.05.17,0.5,nd,nd,Syringoderma australe,Syringoderma,australe,1,nd,0.3ml,Galloway,NA,little brown mystery,NA,Ochrophyta,Phaeophyceae,Syringodermatales,Syringodermataceae,Syringoderma,SE Bonaparte,,64,46.756,64,2.645,-64.77926667,-64.04408333,5/17/2019,1357,,n/a,n/a,,,,,,,,Microzonia australe
14F1358,14,FALSE,1358,2019.05.17,0.5,nd,nd,Syringoderma australe,Syringoderma,australe,2,nd,0.5ml,Galloway,NA,little brown mystery,NA,Ochrophyta,Phaeophyceae,Syringodermatales,Syringodermataceae,Syringoderma,SE Bonaparte,,64,46.756,64,2.645,-64.77926667,-64.04408333,5/17/2019,1358,,n/a,n/a,,,,,,,,Microzonia australe
11F0994,11,FALSE,994,2019.05.14,0.4,T1,10m,Trematocarpus antarcticus,Trematocarpus,antarcticus,2,blade,1ml,Galloway,11S042,NA,NA,Rhodophyta,Florideophyceae,Plocamiales,Sarcodiaceae,Trematocarpus,Limitrophe Island,,64,47.592,64,0.434,-64.7932,-64.00723333,5/14/2019,994,,11-S-042,Trematocarpus antarcticus,C,-64.7932,-64.007233,41.10204,7.92989279,4.506,-18.954,
11F0982,11,FALSE,982,2019.05.14,0.4,T1,25m,Trematocarpus antarcticus,Trematocarpus,antarcticus,1,blade,1ml,Galloway,11S034,NA,NA,Rhodophyta,Florideophyceae,Plocamiales,Sarcodiaceae,Trematocarpus,Limitrophe Island,,64,47.592,64,0.434,-64.7932,-64.00723333,5/14/2019,982,,11-S-034,Trematocarpus antarcticus,C,-64.7932,-64.007233,41.10204,5.686599838,3.96,-20.229,
11F1023,11,FALSE,1023,2019.05.14,0.4,T2,10m,Trematocarpus antarcticus,Trematocarpus,antarcticus,3,blade,1ml,Galloway,11S061,NA,NA,Rhodophyta,Florideophyceae,Plocamiales,Sarcodiaceae,Trematocarpus,Limitrophe Island,,64,47.592,64,0.434,-64.7932,-64.00723333,5/14/2019,1023,,11-S-061,Trematocarpus antarcticus,C,-64.7932,-64.007233,41.10204,5.633265547,3.977,-22.594,
12F1100,12,FALSE,1100,2019.05.15,0.4,T1,25m,Trematocarpus antarcticus,Trematocarpus,antarcticus,2,blade,1ml,Lowe,12S032,NA,NA,Rhodophyta,Florideophyceae,Plocamiales,Sarcodiaceae,Trematocarpus,Joubin Islands,,64,46.317,64,22.191,-64.77195,-64.36985,5/15/2019,1100,,12-S-032,Trematocarpus antarcticus,A,-64.77195,-64.36985,37.26531,6.956785472,3.353,-25.945,
15F1500,15,FALSE,1500,2019.05.18,0.7,Bulk collections,5-20m,Trematocarpus antarcticus,Trematocarpus,antarcticus,3,blade,0.75ml,Lowe,15S076,NA,NA,Rhodophyta,Florideophyceae,Plocamiales,Sarcodiaceae,Trematocarpus,Argentine Islands near Vernadsky,,65,14.411,64,13.852,-65.24018333,-64.23086667,5/18/2019,1500,,15-S-076,Trematocarpus antarcticus,F,-65.240183,-64.230867,62.85714,5.812606594,2.823,-25.081,
,,,,,,,,,,,,,,,,,,,,,,,,,,,,,,,,,,,,,,,,,,,
09-S-029,,,,,,,,,,,,,,,,,,,,,,,,,,,,,,,,,,09-S-029,Iridaea cordata,E,-65.10425,-64.04705,53.5102,12.65382334,5.201,-20.107,
11-S-069,,,,,,,,,,,,,,,,,,,,,,,,,,,,,,,,,,11-S-069,Iridaea cordata,C,-64.7932,-64.007233,41.10204,12.11323872,3.946,-24.373,
13-S-019,,,,,,,,,,,,,,,,,,,,,,,,,,,,,,,,,,13-S-019,Iridaea cordata,I,-66.02505,-65.353333,76.77551,11.92461055,5.805,-20.109,
13-S-009,,,,,,,,,,,,,,,,,,,,,,,,,,,,,,,,,,13-S-009,Callophyllis atrosanguinea,I,-66.02505,-65.353333,76.77551,6.777602668,3.91,-20.477,
13-S-004,,,,,,,,,,,,,,,,,,,,,,,,,,,,,,,,,,13-S-004,Callophyllis atrosanguinea,I,-66.02505,-65.353333,76.77551,6.056537707,3.094,-25.881,
,,,,,,,,,,,,,,,,,,,,,,,,,,,,,,,,,,,,,,,,,,,
,,,,,,,,,,,,,,,,,,,,,,,,,,,,,,,,,,,,,,,,,,,
,,,,,,,,,,,,,,,,,,,,,,,,,,,,,,,,,,,,,,,,,,,
,,,,,,,,,,,,,,,,,,,,,,,,,,,,,,,,,,,,,,,,,,,
"I matched as well as I could, meaning that in most cases the samples are from identical plants, but not in all cases. In some cases, they are different individuals but from the same station. Good enough! ;-)",,,,,,,,,,,,,,,,,,,,,,,,,,,,,,,,,,,,,,,,,,,
"In some cases, I didn't have any of the species or didn't have as many replicates, so I named them n/a/ in my additions for those rows. In some cases, I actually had more samples than you, so I added rows.  ",,,,,,,,,,,,,,,,,,,,,,,,,,,,,,,,,,,,,,,,,,,
Cells in your spreadsheet highlighted in reddish tone means there was a typo and I fixed it.,,,,,,,,,,,,,,,,,,,,,,,,,,,,,,,,,,,,,,,,,,,
"Blue highlight means that there is some confusion in the names. One cell says Myriogramme mangini but to following cells say ""laingioides"" for the species. I think that is a left-over from Chuck's confusion about Myriogramme (mangini) versis Rhodokrambe (laingioides). After later inspection in his lab, he decided that they were all Myrigramme mangini. I added my Myriogramme mangini values to those cells but you may want to change your species names in those. ",,,,,,,,,,,,,,,,,,,,,,,,,,,,,,,,,,,,,,,,,,,
"Lastly, I think there is still some confusion between Phyllophora and Callophyllis (bright yellow highlights and red font). I know we went through those changes at some point but maybe they didn't get translated into this particular spreadsheet? I added my Callophyllis or Phyllophora (whichever way the change went) in the same rows and highlighted the name changes. Let me know if you want to go through those again to make sure there is enough replication of both species. Those are particularly interesting (I think) because they are so close morphologically, but at least isotopically, they are vastly different. I wonder how the fatty acids play out for them....",,,,,,,,,,,,,,,,,,,,,,,,,,,,,,,,,,,,,,,,,,,
